[
	{
		"ProducerName": "Coffie Block Printer",
		"AlternateFrameProducing": false,
		"AlternateFrameWhenReady": false,
		"NoInputStartMode": "Placement",
		"DisableBouncingAnimationWhileWorking": false
	},
	{
		"ProducerName": "Harvest Block Printer",
		"AlternateFrameProducing": false,
		"AlternateFrameWhenReady": false,
		"NoInputStartMode": "Placement",
		"DisableBouncingAnimationWhileWorking": false
	},
	{
		"ProducerName": "Nutrent Block Printer",
		"AlternateFrameProducing": false,
		"AlternateFrameWhenReady": false,
		"NoInputStartMode": "Placement",
		"DisableBouncingAnimationWhileWorking": false
	},
	{
		"ProducerName": "Sinc",
		"AlternateFrameProducing": false,
		"AlternateFrameWhenReady": false,
		"NoInputStartMode": "Placement",
		"DisableBouncingAnimationWhileWorking": false
	}
]