[
	{
		"ProducerName": "Coffie Block Printer",
		"InputIdentifier": null,
		"MinutesUntilReady": 1440,
		"OutputIdentifier": "Coffie Block",
		"OutputStack": 1,
		"Sounds": [
			"Ship"
		]
	},
	{
		"ProducerName": "Harvest Block Printer",
		"InputIdentifier": null,
		"MinutesUntilReady": 240,
		"OutputIdentifier": "Harvest Block",
		"OutputStack": 1,
		"Sounds": [
			"Ship"
		]
	},
	{
		"ProducerName": "Sinc",
		"InputIdentifier": null,
		"MinutesUntilReady": 60,
		"OutputIdentifier": "Can of Water",
		"OutputStack": 1,
		"Sounds": [
			"Ship"
		]
	},
	{
		"ProducerName": "Nutrent Block Printer",
		"InputIdentifier": null,
		"MinutesUntilReady": 1440,
		"OutputIdentifier": "Nutrent Block",
		"OutputStack": 1,
		"Sounds": [
			"Ship"
		]
	}
]