{
	"Name": "Coffie Block",
	"Description": "A Block of Coffie Extract. It has the efects of coffie but without the bitterness. Its taffy like and not that tasty. It is a little bland though.",
	"Category": "Cooking",
	"Edibility": 1,
	"EdibleIsDrink": false,
	"EdibleBuffs": {
		"Farming": 0,
		"Fishing": 0,
		"Mining": 0,
		"Luck": 0,
		"Foraging": 0,
		"MaxStamina": 0,
		"MagnetRadius": 0,
		"Speed": 3,
		"Defense": 0,
		"Attack": 0,
		"Duration": 3200
	},
	"Price": 100,
	"IsColored": false
}